{"versions":[{"id":"baseline","commit":"93ef899caeb95b493908863e95a4ef7f7a2efef7\n"},{"commit":"93ef899caeb95b493908863e95a4ef7f7a2efef7\n","id":"cloudflare"},{"id":"ng","commit":"93ef899caeb95b493908863e95a4ef7f7a2efef7\n"}],"results":{"decompress asl16.nii (20 iterations)":{"level":"0","output":{"baseline":{"time":{"mean":2.23428900000004,"error":0.0252337310697427},"output_size":{"mean":0,"error":0}},"ng":{"output_size":{"mean":0,"error":0},"time":{"error":0.0140685687637524,"mean":2.2169574}},"cloudflare":{"time":{"mean":2.25745979999992,"error":0.0223562959015751},"output_size":{"error":0,"mean":0}}}},"compress asl32.nii -6 (10 iterations)":{"output":{"cloudflare":{"time":{"mean":8.83120680000003,"error":0.0515478774649469},"output_size":{"mean":16461019,"error":0}},"ng":{"output_size":{"error":0,"mean":16491004},"time":{"mean":14.4843944,"error":0.0276833527259767}},"baseline":{"output_size":{"mean":16491004,"error":0},"time":{"error":0.0509820167955669,"mean":14.4435684}}},"input":{"size":38142304},"level":"6"},"compress asl16.nii -6 (10 iterations)":{"output":{"baseline":{"time":{"mean":23.0559962000001,"error":0.166033709698748},"output_size":{"error":0,"mean":10407730}},"ng":{"output_size":{"error":0,"mean":10407730},"time":{"mean":23.2166036,"error":0.196658424093238}},"cloudflare":{"time":{"error":0.0952178418645484,"mean":12.8385988},"output_size":{"error":0,"mean":10234131}}},"input":{"size":19071328},"level":"6"},"compress asl16.nii -1 (10 iterations)":{"level":"1","input":{"size":19071328},"output":{"cloudflare":{"output_size":{"error":0,"mean":10785551},"time":{"error":0.0259218707954893,"mean":5.49436419999999}},"ng":{"output_size":{"error":0,"mean":10779723},"time":{"mean":6.3262164,"error":0.0245400624013178}},"baseline":{"time":{"error":0.0397315657367912,"mean":6.36761100000001},"output_size":{"mean":10779723,"error":0}}}},"compress asl16.nii -9 (10 iterations)":{"output":{"baseline":{"time":{"error":0.735232908592392,"mean":62.9948446},"output_size":{"mean":10398878,"error":0}},"cloudflare":{"time":{"mean":18.0383678000001,"error":0.148289416130233},"output_size":{"mean":10223377,"error":0}},"ng":{"time":{"error":0.609953969611888,"mean":63.3947903999999},"output_size":{"error":0,"mean":10398878}}},"level":"9","input":{"size":19071328}},"compress asl32.nii -9 (10 iterations)":{"output":{"baseline":{"output_size":{"error":0,"mean":16448360},"time":{"error":0.0911587300180794,"mean":20.3638589999999}},"ng":{"output_size":{"error":0,"mean":16448360},"time":{"mean":20.2273002,"error":0.12412751045297}},"cloudflare":{"time":{"error":0.078429437492931,"mean":12.8781764},"output_size":{"error":0,"mean":16426622}}},"input":{"size":38142304},"level":"9"},"decompress asl32.nii (20 iterations)":{"level":"0","output":{"baseline":{"time":{"mean":2.48501879999999,"error":0.0290359261887249},"output_size":{"mean":0,"error":0}},"cloudflare":{"time":{"mean":2.30845640000002,"error":0.0293207132188332},"output_size":{"mean":0,"error":0}},"ng":{"time":{"mean":2.45113240000005,"error":0.0251383373049689},"output_size":{"mean":0,"error":0}}}},"compress asl32.nii -1 (10 iterations)":{"level":"1","input":{"size":38142304},"output":{"baseline":{"time":{"mean":11.2830108,"error":0.272335369896638},"output_size":{"error":0,"mean":16719524}},"cloudflare":{"time":{"mean":7.40726279999999,"error":0.146677974664018},"output_size":{"mean":16630198,"error":0}},"ng":{"time":{"error":0.17038554874947,"mean":11.2685474},"output_size":{"error":0,"mean":16719524}}}}}}